Date;Type;Mode;Libell‚;D‚bit;Cr‚dit;Statut;Solde;Montant ‚ch‚ance;Part de Capital;Part Int‚rˆts Bruts;Retenue … la source (Cotisations sociales);Retenue … la source (Pr‚lŠvement forfaitaire);Int‚rˆts nets
18/06/2025 … 17:32;Imp“ts;Virement;Flat Tax - Paiement lib‚ratoire Imp“ts - Boch 22 / Boch22 #4 - Chapelle BlanchePr‚lŠvement sociaux : 0.16Imp“ts : 0.12;-0,28;;Compl‚t‚;241,18;;;;;;
18/06/2025 … 17:32;Ech‚ance;Virement;Ech‚ance nø2 pr‚lev‚e - Boch 22 / Boch22 #4 - Chapelle BlanchePart capital : 0.00Part int‚rˆt : 0.92;;0,92;Compl‚t‚;241,46;0,92;0,00;0,92;0,16;0,12;0,64
18/06/2025 … 14:50;Imp“ts;Virement;Flat Tax - Paiement lib‚ratoire Imp“ts - DMF Invest / DMF INVEST #4 Pr‚lŠvement sociaux : 0.07Imp“ts : 0.05;-0,12;;Compl‚t‚;240,54;;;;;;
18/06/2025 … 14:50;Ech‚ance;Virement;Ech‚ance nø10 pr‚lev‚e - DMF Invest / DMF INVEST #4 Part capital : 0.00Part int‚rˆt : 0.42;;0,42;Compl‚t‚;240,66;0,42;0,00;0,42;0,07;0,05;0,30
18/06/2025 … 11:57;Imp“ts;Virement;Flat Tax - Paiement lib‚ratoire Imp“ts - SCALP / SASU SCALP #2Pr‚lŠvement sociaux : 0.24Imp“ts : 0.18;-0,42;;Compl‚t‚;240,24;;;;;;
18/06/2025 … 11:57;Ech‚ance;Virement;Ech‚ance nø22 pr‚lev‚e - SCALP / SASU SCALP #2Part capital : 0.00Part int‚rˆt : 1.38;;1,38;Compl‚t‚;240,66;1,38;0,00;1,38;0,24;0,18;0,96
03/06/2025 … 14:26;Ech‚ance;Virement;Ech‚ance nø28 pr‚lev‚e - SAS LAVERRIERE / SAS LAVERRIEREPart capital : 0.44Part int‚rˆt : 0.00;;0,44;Compl‚t‚;239,28;0,44;0,44;0,00;0,00;0,00;0,00
19/05/2025 … 17:34;Imp“ts;Virement;Flat Tax - Paiement lib‚ratoire Imp“ts - SCALP / SASU SCALP #2Pr‚lŠvement sociaux : 0.24Imp“ts : 0.18;-0,42;;Compl‚t‚;238,84;;;;;;
19/05/2025 … 17:34;Ech‚ance;Virement;Ech‚ance nø21 pr‚lev‚e - SCALP / SASU SCALP #2Part capital : 0.00Part int‚rˆt : 1.38;;1,38;Compl‚t‚;239,26;1,38;0,00;1,38;0,24;0,18;0,96
19/05/2025 … 16:04;Imp“ts;Virement;Flat Tax - Paiement lib‚ratoire Imp“ts - Boch 22 / Boch22 #4 - Chapelle BlanchePr‚lŠvement sociaux : 0.33Imp“ts : 0.24;-0,57;;Compl‚t‚;237,88;;;;;;
19/05/2025 … 16:04;Ech‚ance;Virement;Ech‚ance nø1 pr‚lev‚e - Boch 22 / Boch22 #4 - Chapelle BlanchePart capital : 0.00Part int‚rˆt : 1.90;;1,90;Compl‚t‚;238,45;1,90;0,00;1,90;0,33;0,24;1,33
19/05/2025 … 12:38;Imp“ts;Virement;Flat Tax - Paiement lib‚ratoire Imp“ts - DMF Invest / DMF INVEST #4 Pr‚lŠvement sociaux : 0.07Imp“ts : 0.05;-0,12;;Compl‚t‚;236,55;;;;;;
19/05/2025 … 12:38;Ech‚ance;Virement;Ech‚ance nø9 pr‚lev‚e - DMF Invest / DMF INVEST #4 Part capital : 0.00Part int‚rˆt : 0.42;;0,42;Compl‚t‚;236,67;0,42;0,00;0,42;0,07;0,05;0,30
14/05/2025 … 11:03;Ech‚ance;Virement;Ech‚ance nø28 pr‚lev‚e - SAS LAVERRIERE / SAS LAVERRIEREPart capital : 0.44Part int‚rˆt : 0.00;;0,44;Compl‚t‚;236,25;0,44;0,44;0,00;0,00;0,00;0,00
18/04/2025 … 16:55;Imp“ts;Virement;Flat Tax - Paiement lib‚ratoire Imp“ts - SCALP / SASU SCALP #2Pr‚lŠvement sociaux : 0.24Imp“ts : 0.18;-0,42;;Compl‚t‚;235,81;;;;;;
18/04/2025 … 16:55;Ech‚ance;Virement;Ech‚ance nø20 pr‚lev‚e - SCALP / SASU SCALP #2Part capital : 0.00Part int‚rˆt : 1.38;;1,38;Compl‚t‚;236,23;1,38;0,00;1,38;0,24;0,18;0,96
18/04/2025 … 11:55;Imp“ts;Virement;Flat Tax - Paiement lib‚ratoire Imp“ts - DMF Invest / DMF INVEST #4 Pr‚lŠvement sociaux : 0.07Imp“ts : 0.05;-0,12;;Compl‚t‚;234,85;;;;;;
18/04/2025 … 11:55;Ech‚ance;Virement;Ech‚ance nø8 pr‚lev‚e - DMF Invest / DMF INVEST #4 Part capital : 0.00Part int‚rˆt : 0.42;;0,42;Compl‚t‚;234,97;0,42;0,00;0,42;0,07;0,05;0,30
03/04/2025 … 11:31;Remboursement Anticip‚;Virement;Remboursement anticip‚ - Riverparc Patrimoine / Riverparc PatrimoinePart capital : 224.00Part int‚rˆt : 0.00;;224,00;Compl‚t‚;234,55;224,00;224,00;0,00;0,00;0,00;0,00
03/04/2025 … 11:06;Imp“ts;Virement;Flat Tax - Paiement lib‚ratoire Imp“ts - Riverparc Patrimoine / Riverparc PatrimoinePr‚lŠvement sociaux : 0.30Imp“ts : 0.23;-0,53;;Compl‚t‚;10,55;;;;;;
03/04/2025 … 11:06;Ech‚ance;Virement;Ech‚ance nø11 pr‚lev‚e - Riverparc Patrimoine / Riverparc PatrimoinePart capital : 0.00Part int‚rˆt : 1.77;;1,77;Compl‚t‚;11,08;1,77;0,00;1,77;0,30;0,23;1,24
02/04/2025 … 11:05;Ech‚ance;Virement;Ech‚ance nø28 pr‚lev‚e - SAS LAVERRIERE / SAS LAVERRIEREPart capital : 0.44Part int‚rˆt : 0.00;;0,44;Compl‚t‚;9,31;0,44;0,44;0,00;0,00;0,00;0,00
26/03/2025 … 18:50;Offre;Virement;Boch 22 / Boch22 #4 - Chapelle Blanche;-100,00;;Compl‚t‚;8,87;;;;;;
18/03/2025 … 16:05;Imp“ts;Virement;Flat Tax - Paiement lib‚ratoire Imp“ts - DMF Invest / DMF INVEST #4 Pr‚lŠvement sociaux : 0.07Imp“ts : 0.05;-0,12;;Compl‚t‚;108,87;;;;;;
18/03/2025 … 16:05;Ech‚ance;Virement;Ech‚ance nø7 pr‚lev‚e - DMF Invest / DMF INVEST #4 Part capital : 0.00Part int‚rˆt : 0.42;;0,42;Compl‚t‚;108,99;0,42;0,00;0,42;0,07;0,05;0,30
18/03/2025 … 14:48;Imp“ts;Virement;Flat Tax - Paiement lib‚ratoire Imp“ts - Riverparc Patrimoine / Riverparc PatrimoinePr‚lŠvement sociaux : 0.30Imp“ts : 0.23;-0,53;;Compl‚t‚;108,57;;;;;;
18/03/2025 … 14:48;Ech‚ance;Virement;Ech‚ance nø10 pr‚lev‚e - Riverparc Patrimoine / Riverparc PatrimoinePart capital : 0.00Part int‚rˆt : 1.77;;1,77;Compl‚t‚;109,10;1,77;0,00;1,77;0,30;0,23;1,24
18/03/2025 … 12:13;Imp“ts;Virement;Flat Tax - Paiement lib‚ratoire Imp“ts - SCALP / SASU SCALP #2Pr‚lŠvement sociaux : 0.24Imp“ts : 0.18;-0,42;;Compl‚t‚;107,33;;;;;;
18/03/2025 … 12:13;Ech‚ance;Virement;Ech‚ance nø19 pr‚lev‚e - SCALP / SASU SCALP #2Part capital : 0.00Part int‚rˆt : 1.38;;1,38;Compl‚t‚;107,75;1,38;0,00;1,38;0,24;0,18;0,96
18/02/2025 … 17:02;Imp“ts;Virement;Flat Tax - Paiement lib‚ratoire Imp“ts - DMF Invest / DMF INVEST #4 Pr‚lŠvement sociaux : 0.07Imp“ts : 0.05;-0,12;;Compl‚t‚;106,37;;;;;;
18/02/2025 … 17:02;Ech‚ance;Virement;Ech‚ance nø6 pr‚lev‚e - DMF Invest / DMF INVEST #4 Part capital : 0.00Part int‚rˆt : 0.42;;0,42;Compl‚t‚;106,49;0,42;0,00;0,42;0,07;0,05;0,30
18/02/2025 … 15:40;Imp“ts;Virement;Flat Tax - Paiement lib‚ratoire Imp“ts - Riverparc Patrimoine / Riverparc PatrimoinePr‚lŠvement sociaux : 0.30Imp“ts : 0.23;-0,53;;Compl‚t‚;106,07;;;;;;
18/02/2025 … 15:40;Ech‚ance;Virement;Ech‚ance nø9 pr‚lev‚e - Riverparc Patrimoine / Riverparc PatrimoinePart capital : 0.00Part int‚rˆt : 1.77;;1,77;Compl‚t‚;106,60;1,77;0,00;1,77;0,30;0,23;1,24
18/02/2025 … 12:58;Imp“ts;Virement;Flat Tax - Paiement lib‚ratoire Imp“ts - SCALP / SASU SCALP #2Pr‚lŠvement sociaux : 0.24Imp“ts : 0.18;-0,42;;Compl‚t‚;104,83;;;;;;
18/02/2025 … 12:58;Ech‚ance;Virement;Ech‚ance nø18 pr‚lev‚e - SCALP / SASU SCALP #2Part capital : 0.00Part int‚rˆt : 1.38;;1,38;Compl‚t‚;105,25;1,38;0,00;1,38;0,24;0,18;0,96
17/01/2025 … 14:47;Imp“ts;Virement;Flat Tax - Paiement lib‚ratoire Imp“ts - DMF Invest / DMF INVEST #4 Pr‚lŠvement sociaux : 0.07Imp“ts : 0.05;-0,12;;Compl‚t‚;103,87;;;;;;
17/01/2025 … 14:47;Ech‚ance;Virement;Ech‚ance nø5 pr‚lev‚e - DMF Invest / DMF INVEST #4 Part capital : 0.00Part int‚rˆt : 0.42;;0,42;Compl‚t‚;103,99;0,42;0,00;0,42;0,07;0,05;0,30
17/01/2025 … 12:44;Imp“ts;Virement;Flat Tax - Paiement lib‚ratoire Imp“ts - Riverparc Patrimoine / Riverparc PatrimoinePr‚lŠvement sociaux : 0.30Imp“ts : 0.23;-0,53;;Compl‚t‚;103,57;;;;;;
17/01/2025 … 12:44;Ech‚ance;Virement;Ech‚ance nø8 pr‚lev‚e - Riverparc Patrimoine / Riverparc PatrimoinePart capital : 0.00Part int‚rˆt : 1.77;;1,77;Compl‚t‚;104,10;1,77;0,00;1,77;0,30;0,23;1,24
17/01/2025 … 10:30;Imp“ts;Virement;Flat Tax - Paiement lib‚ratoire Imp“ts - SCALP / SASU SCALP #2Pr‚lŠvement sociaux : 0.23Imp“ts : 0.17;-0,40;;Compl‚t‚;102,33;;;;;;
17/01/2025 … 10:30;Ech‚ance;Virement;Ech‚ance nø17 pr‚lev‚e - SCALP / SASU SCALP #2Part capital : 0.00Part int‚rˆt : 1.32;;1,32;Compl‚t‚;102,73;1,32;0,00;1,32;0,23;0,17;0,92
14/01/2025 … 12:08;Remboursement Anticip‚;Virement;Remboursement anticip‚ - C.L.S Immo-Prestige / CLS IMMO-PRESTIGE #3Part capital : 38.00Part int‚rˆt : 0.00;;38,00;Compl‚t‚;101,41;38,00;38,00;0,00;0,00;0,00;0,00
14/01/2025 … 10:30;Imp“ts;Virement;Flat Tax - Paiement lib‚ratoire Imp“ts - C.L.S Immo-Prestige / CLS IMMO-PRESTIGE #3Pr‚lŠvement sociaux : 0.06Imp“ts : 0.04;-0,10;;Compl‚t‚;63,41;;;;;;
14/01/2025 … 10:30;Ech‚ance;Virement;Ech‚ance nø15 pr‚lev‚e - C.L.S Immo-Prestige / CLS IMMO-PRESTIGE #3Part capital : 0.00Part int‚rˆt : 0.32;;0,32;Compl‚t‚;63,51;0,32;0,00;0,32;0,06;0,04;0,22
16/12/2024 … 17:26;Imp“ts;Virement;Flat Tax - Paiement lib‚ratoire Imp“ts - DMF Invest / DMF INVEST #4 Pr‚lŠvement sociaux : 0.07Imp“ts : 0.00;-0,07;;Compl‚t‚;63,19;;;;;;
16/12/2024 … 17:26;Ech‚ance;Virement;Ech‚ance nø4 pr‚lev‚e - DMF Invest / DMF INVEST #4 Part capital : 0.00Part int‚rˆt : 0.42;;0,42;Compl‚t‚;63,26;0,42;0,00;0,42;0,07;0,00;0,35
16/12/2024 … 15:52;Imp“ts;Virement;Flat Tax - Paiement lib‚ratoire Imp“ts - Riverparc Patrimoine / Riverparc PatrimoinePr‚lŠvement sociaux : 0.30Imp“ts : 0.00;-0,30;;Compl‚t‚;62,84;;;;;;
16/12/2024 … 15:52;Ech‚ance;Virement;Ech‚ance nø7 pr‚lev‚e - Riverparc Patrimoine / Riverparc PatrimoinePart capital : 0.00Part int‚rˆt : 1.77;;1,77;Compl‚t‚;63,14;1,77;0,00;1,77;0,30;0,00;1,47
16/12/2024 … 15:38;Imp“ts;Virement;Flat Tax - Paiement lib‚ratoire Imp“ts - SAS LAVERRIERE / SAS LAVERRIEREPr‚lŠvement sociaux : 0.08Imp“ts : 0.00;-0,08;;Compl‚t‚;61,37;;;;;;
16/12/2024 … 15:38;Ech‚ance;Virement;Ech‚ance nø27 pr‚lev‚e - SAS LAVERRIERE / SAS LAVERRIEREPart capital : 6.04Part int‚rˆt : 0.44;;6,48;Compl‚t‚;61,45;6,48;6,04;0,44;0,08;0,00;0,36
16/12/2024 … 13:59;Imp“ts;Virement;Flat Tax - Paiement lib‚ratoire Imp“ts - C.L.S Immo-Prestige / CLS IMMO-PRESTIGE #3Pr‚lŠvement sociaux : 0.06Imp“ts : 0.00;-0,06;;Compl‚t‚;54,97;;;;;;
16/12/2024 … 13:59;Ech‚ance;Virement;Ech‚ance nø14 pr‚lev‚e - C.L.S Immo-Prestige / CLS IMMO-PRESTIGE #3Part capital : 0.00Part int‚rˆt : 0.32;;0,32;Compl‚t‚;55,03;0,32;0,00;0,32;0,06;0,00;0,26
16/12/2024 … 13:10;Imp“ts;Virement;Flat Tax - Paiement lib‚ratoire Imp“ts - SCALP / SASU SCALP #2Pr‚lŠvement sociaux : 0.23Imp“ts : 0.00;-0,23;;Compl‚t‚;54,71;;;;;;
16/12/2024 … 13:10;Ech‚ance;Virement;Ech‚ance nø16 pr‚lev‚e - SCALP / SASU SCALP #2Part capital : 0.00Part int‚rˆt : 1.32;;1,32;Compl‚t‚;54,94;1,32;0,00;1,32;0,23;0,00;1,09
18/11/2024 … 18:10;Imp“ts;Virement;Flat Tax - Paiement lib‚ratoire Imp“ts - SCALP / SASU SCALP #2Pr‚lŠvement sociaux : 0.23Imp“ts : 0.00;-0,23;;Compl‚t‚;53,62;;;;;;
18/11/2024 … 18:10;Ech‚ance;Virement;Ech‚ance nø15 pr‚lev‚e - SCALP / SASU SCALP #2Part capital : 0.00Part int‚rˆt : 1.32;;1,32;Compl‚t‚;53,85;1,32;0,00;1,32;0,23;0,00;1,09
18/11/2024 … 15:12;Imp“ts;Virement;Flat Tax - Paiement lib‚ratoire Imp“ts - DMF Invest / DMF INVEST #4 Pr‚lŠvement sociaux : 0.07Imp“ts : 0.00;-0,07;;Compl‚t‚;52,53;;;;;;
18/11/2024 … 15:12;Ech‚ance;Virement;Ech‚ance nø3 pr‚lev‚e - DMF Invest / DMF INVEST #4 Part capital : 0.00Part int‚rˆt : 0.42;;0,42;Compl‚t‚;52,60;0,42;0,00;0,42;0,07;0,00;0,35
18/11/2024 … 14:01;Imp“ts;Virement;Flat Tax - Paiement lib‚ratoire Imp“ts - Riverparc Patrimoine / Riverparc PatrimoinePr‚lŠvement sociaux : 0.30Imp“ts : 0.00;-0,30;;Compl‚t‚;52,18;;;;;;
18/11/2024 … 14:01;Ech‚ance;Virement;Ech‚ance nø6 pr‚lev‚e - Riverparc Patrimoine / Riverparc PatrimoinePart capital : 0.00Part int‚rˆt : 1.77;;1,77;Compl‚t‚;52,48;1,77;0,00;1,77;0,30;0,00;1,47
18/11/2024 … 12:18;Imp“ts;Virement;Flat Tax - Paiement lib‚ratoire Imp“ts - SAS LAVERRIERE / SAS LAVERRIEREPr‚lŠvement sociaux : 0.08Imp“ts : 0.00;-0,08;;Compl‚t‚;50,71;;;;;;
18/11/2024 … 12:18;Ech‚ance;Virement;Ech‚ance nø26 pr‚lev‚e - SAS LAVERRIERE / SAS LAVERRIEREPart capital : 6.00Part int‚rˆt : 0.48;;6,48;Compl‚t‚;50,79;6,48;6,00;0,48;0,08;0,00;0,40
18/11/2024 … 11:49;Imp“ts;Virement;Flat Tax - Paiement lib‚ratoire Imp“ts - C.L.S Immo-Prestige / CLS IMMO-PRESTIGE #3Pr‚lŠvement sociaux : 0.06Imp“ts : 0.00;-0,06;;Compl‚t‚;44,31;;;;;;
18/11/2024 … 11:49;Ech‚ance;Virement;Ech‚ance nø13 pr‚lev‚e - C.L.S Immo-Prestige / CLS IMMO-PRESTIGE #3Part capital : 0.00Part int‚rˆt : 0.32;;0,32;Compl‚t‚;44,37;0,32;0,00;0,32;0,06;0,00;0,26
18/10/2024 … 18:15;Imp“ts;Virement;Flat Tax - Paiement lib‚ratoire Imp“ts - SAS LAVERRIERE / SAS LAVERRIEREPr‚lŠvement sociaux : 0.09Imp“ts : 0.00;-0,09;;Compl‚t‚;44,05;;;;;;
18/10/2024 … 18:15;Ech‚ance;Virement;Ech‚ance nø25 pr‚lev‚e - SAS LAVERRIERE / SAS LAVERRIEREPart capital : 5.96Part int‚rˆt : 0.52;;6,48;Compl‚t‚;44,14;6,48;5,96;0,52;0,09;0,00;0,43
18/10/2024 … 16:39;Imp“ts;Virement;Flat Tax - Paiement lib‚ratoire Imp“ts - DMF Invest / DMF INVEST #4 Pr‚lŠvement sociaux : 0.07Imp“ts : 0.00;-0,07;;Compl‚t‚;37,66;;;;;;
18/10/2024 … 16:39;Ech‚ance;Virement;Ech‚ance nø2 pr‚lev‚e - DMF Invest / DMF INVEST #4 Part capital : 0.00Part int‚rˆt : 0.42;;0,42;Compl‚t‚;37,73;0,42;0,00;0,42;0,07;0,00;0,35
18/10/2024 … 15:13;Imp“ts;Virement;Flat Tax - Paiement lib‚ratoire Imp“ts - Riverparc Patrimoine / Riverparc PatrimoinePr‚lŠvement sociaux : 0.30Imp“ts : 0.00;-0,30;;Compl‚t‚;37,31;;;;;;
18/10/2024 … 15:13;Ech‚ance;Virement;Ech‚ance nø5 pr‚lev‚e - Riverparc Patrimoine / Riverparc PatrimoinePart capital : 0.00Part int‚rˆt : 1.77;;1,77;Compl‚t‚;37,61;1,77;0,00;1,77;0,30;0,00;1,47
18/10/2024 … 13:05;Imp“ts;Virement;Flat Tax - Paiement lib‚ratoire Imp“ts - C.L.S Immo-Prestige / CLS IMMO-PRESTIGE #3Pr‚lŠvement sociaux : 0.06Imp“ts : 0.00;-0,06;;Compl‚t‚;35,84;;;;;;
18/10/2024 … 13:05;Ech‚ance;Virement;Ech‚ance nø12 pr‚lev‚e - C.L.S Immo-Prestige / CLS IMMO-PRESTIGE #3Part capital : 0.00Part int‚rˆt : 0.32;;0,32;Compl‚t‚;35,90;0,32;0,00;0,32;0,06;0,00;0,26
18/10/2024 … 12:18;Imp“ts;Virement;Flat Tax - Paiement lib‚ratoire Imp“ts - SCALP / SASU SCALP #2Pr‚lŠvement sociaux : 0.23Imp“ts : 0.00;-0,23;;Compl‚t‚;35,58;;;;;;
18/10/2024 … 12:18;Ech‚ance;Virement;Ech‚ance nø14 pr‚lev‚e - SCALP / SASU SCALP #2Part capital : 0.00Part int‚rˆt : 1.32;;1,32;Compl‚t‚;35,81;1,32;0,00;1,32;0,23;0,00;1,09
03/10/2024 … 10:54;Imp“ts;Virement;Flat Tax - Paiement lib‚ratoire Imp“ts - SAS LAVERRIERE / SAS LAVERRIEREPr‚lŠvement sociaux : 0.10Imp“ts : 0.00;-0,10;;Compl‚t‚;34,49;;;;;;
03/10/2024 … 10:54;Ech‚ance;Virement;Ech‚ance nø24 pr‚lev‚e - SAS LAVERRIERE / SAS LAVERRIEREPart capital : 5.91Part int‚rˆt : 0.57;;6,48;Compl‚t‚;34,59;6,48;5,91;0,57;0,10;0,00;0,47
18/09/2024 … 20:19;Imp“ts;Virement;Flat Tax - Paiement lib‚ratoire Imp“ts - DMF Invest / DMF INVEST #4 Pr‚lŠvement sociaux : 0.13Imp“ts : 0.00;-0,13;;Compl‚t‚;28,11;;;;;;
18/09/2024 … 20:19;Ech‚ance;Virement;Ech‚ance nø1 pr‚lev‚e - DMF Invest / DMF INVEST #4 Part capital : 0.00Part int‚rˆt : 0.73;;0,73;Compl‚t‚;28,24;0,73;0,00;0,73;0,13;0,00;0,60
18/09/2024 … 18:51;Imp“ts;Virement;Flat Tax - Paiement lib‚ratoire Imp“ts - Riverparc Patrimoine / Riverparc PatrimoinePr‚lŠvement sociaux : 0.30Imp“ts : 0.00;-0,30;;Compl‚t‚;27,51;;;;;;
18/09/2024 … 18:51;Ech‚ance;Virement;Ech‚ance nø4 pr‚lev‚e - Riverparc Patrimoine / Riverparc PatrimoinePart capital : 0.00Part int‚rˆt : 1.77;;1,77;Compl‚t‚;27,81;1,77;0,00;1,77;0,30;0,00;1,47
18/09/2024 … 16:42;Imp“ts;Virement;Flat Tax - Paiement lib‚ratoire Imp“ts - C.L.S Immo-Prestige / CLS IMMO-PRESTIGE #3Pr‚lŠvement sociaux : 0.06Imp“ts : 0.00;-0,06;;Compl‚t‚;26,04;;;;;;
18/09/2024 … 16:42;Ech‚ance;Virement;Ech‚ance nø11 pr‚lev‚e - C.L.S Immo-Prestige / CLS IMMO-PRESTIGE #3Part capital : 0.00Part int‚rˆt : 0.32;;0,32;Compl‚t‚;26,10;0,32;0,00;0,32;0,06;0,00;0,26
18/09/2024 … 15:56;Imp“ts;Virement;Flat Tax - Paiement lib‚ratoire Imp“ts - SCALP / SASU SCALP #2Pr‚lŠvement sociaux : 0.23Imp“ts : 0.00;-0,23;;Compl‚t‚;25,78;;;;;;
18/09/2024 … 15:56;Ech‚ance;Virement;Ech‚ance nø13 pr‚lev‚e - SCALP / SASU SCALP #2Part capital : 0.00Part int‚rˆt : 1.32;;1,32;Compl‚t‚;26,01;1,32;0,00;1,32;0,23;0,00;1,09
18/09/2024 … 11:09;Imp“ts;Virement;Flat Tax - Paiement lib‚ratoire Imp“ts - groupe best / Groupe Best Pr‚lŠvement sociaux : 0.01Imp“ts : 0.00;-0,01;;Compl‚t‚;24,69;;;;;;
18/09/2024 … 11:09;Ech‚ance;Virement;Ech‚ance nø24 pr‚lev‚e - groupe best / Groupe Best Part capital : 4.42Part int‚rˆt : 0.03;;4,45;Compl‚t‚;24,70;4,45;4,42;0,03;0,01;0,00;0,02
16/08/2024 … 18:45;Imp“ts;Virement;Flat Tax - Paiement lib‚ratoire Imp“ts - Riverparc Patrimoine / Riverparc PatrimoinePr‚lŠvement sociaux : 0.30Imp“ts : 0.00;-0,30;;Compl‚t‚;20,25;;;;;;
16/08/2024 … 18:45;Ech‚ance;Virement;Ech‚ance nø3 pr‚lev‚e - Riverparc Patrimoine / Riverparc PatrimoinePart capital : 0.00Part int‚rˆt : 1.77;;1,77;Compl‚t‚;20,55;1,77;0,00;1,77;0,30;0,00;1,47
16/08/2024 … 16:50;Imp“ts;Virement;Flat Tax - Paiement lib‚ratoire Imp“ts - C.L.S Immo-Prestige / CLS IMMO-PRESTIGE #3Pr‚lŠvement sociaux : 0.06Imp“ts : 0.00;-0,06;;Compl‚t‚;18,78;;;;;;
16/08/2024 … 16:50;Ech‚ance;Virement;Ech‚ance nø10 pr‚lev‚e - C.L.S Immo-Prestige / CLS IMMO-PRESTIGE #3Part capital : 0.00Part int‚rˆt : 0.32;;0,32;Compl‚t‚;18,84;0,32;0,00;0,32;0,06;0,00;0,26
16/08/2024 … 15:45;Imp“ts;Virement;Flat Tax - Paiement lib‚ratoire Imp“ts - SCALP / SASU SCALP #2Pr‚lŠvement sociaux : 0.23Imp“ts : 0.00;-0,23;;Compl‚t‚;18,52;;;;;;
16/08/2024 … 15:45;Ech‚ance;Virement;Ech‚ance nø12 pr‚lev‚e - SCALP / SASU SCALP #2Part capital : 0.00Part int‚rˆt : 1.32;;1,32;Compl‚t‚;18,75;1,32;0,00;1,32;0,23;0,00;1,09
16/08/2024 … 11:08;Imp“ts;Virement;Flat Tax - Paiement lib‚ratoire Imp“ts - SAS LAVERRIERE / SAS LAVERRIEREPr‚lŠvement sociaux : 0.10Imp“ts : 0.00;-0,10;;Compl‚t‚;17,43;;;;;;
16/08/2024 … 11:08;Ech‚ance;Virement;Ech‚ance nø23 pr‚lev‚e - SAS LAVERRIERE / SAS LAVERRIEREPart capital : 5.87Part int‚rˆt : 0.61;;6,48;Compl‚t‚;17,53;6,48;5,87;0,61;0,10;0,00;0,51
16/08/2024 … 10:51;Imp“ts;Virement;Flat Tax - Paiement lib‚ratoire Imp“ts - groupe best / Groupe Best Pr‚lŠvement sociaux : 0.01Imp“ts : 0.00;-0,01;;Compl‚t‚;11,05;;;;;;
16/08/2024 … 10:51;Ech‚ance;Virement;Ech‚ance nø23 pr‚lev‚e - groupe best / Groupe Best Part capital : 4.49Part int‚rˆt : 0.06;;4,55;Compl‚t‚;11,06;4,55;4,49;0,06;0,01;0,00;0,05
07/08/2024 … 09:23;Imp“ts;Virement;Flat Tax - Paiement lib‚ratoire Imp“ts - SAS LAVERRIERE / SAS LAVERRIEREPr‚lŠvement sociaux : 0.11Imp“ts : 0.00;-0,11;;Compl‚t‚;6,51;;;;;;
07/08/2024 … 09:23;Ech‚ance;Virement;Ech‚ance nø22 pr‚lev‚e - SAS LAVERRIERE / SAS LAVERRIEREPart capital : 5.83Part int‚rˆt : 0.65;;6,48;Compl‚t‚;6,62;6,48;5,83;0,65;0,11;0,00;0,54
01/08/2024 … 00:28;Offre;Virement;DMF Invest / DMF INVEST #4;-48,00;;Compl‚t‚;0,14;;;;;;
18/07/2024 … 17:57;Imp“ts;Virement;Flat Tax - Paiement lib‚ratoire Imp“ts - groupe best / Groupe Best Pr‚lŠvement sociaux : 0.02Imp“ts : 0.00;-0,02;;Compl‚t‚;48,14;;;;;;
18/07/2024 … 17:57;Ech‚ance;Virement;Ech‚ance nø22 pr‚lev‚e - groupe best / Groupe Best Part capital : 4.46Part int‚rˆt : 0.09;;4,55;Compl‚t‚;48,16;4,55;4,46;0,09;0,02;0,00;0,07
18/07/2024 … 16:39;Imp“ts;Virement;Flat Tax - Paiement lib‚ratoire Imp“ts - Riverparc Patrimoine / Riverparc PatrimoinePr‚lŠvement sociaux : 0.30Imp“ts : 0.00;-0,30;;Compl‚t‚;43,61;;;;;;
18/07/2024 … 16:39;Ech‚ance;Virement;Ech‚ance nø2 pr‚lev‚e - Riverparc Patrimoine / Riverparc PatrimoinePart capital : 0.00Part int‚rˆt : 1.77;;1,77;Compl‚t‚;43,91;1,77;0,00;1,77;0,30;0,00;1,47
18/07/2024 … 14:22;Imp“ts;Virement;Flat Tax - Paiement lib‚ratoire Imp“ts - C.L.S Immo-Prestige / CLS IMMO-PRESTIGE #3Pr‚lŠvement sociaux : 0.06Imp“ts : 0.00;-0,06;;Compl‚t‚;42,14;;;;;;
18/07/2024 … 14:22;Ech‚ance;Virement;Ech‚ance nø9 pr‚lev‚e - C.L.S Immo-Prestige / CLS IMMO-PRESTIGE #3Part capital : 0.00Part int‚rˆt : 0.32;;0,32;Compl‚t‚;42,20;0,32;0,00;0,32;0,06;0,00;0,26
18/07/2024 … 13:38;Imp“ts;Virement;Flat Tax - Paiement lib‚ratoire Imp“ts - SCALP / SASU SCALP #2Pr‚lŠvement sociaux : 0.23Imp“ts : 0.00;-0,23;;Compl‚t‚;41,88;;;;;;
18/07/2024 … 13:38;Ech‚ance;Virement;Ech‚ance nø11 pr‚lev‚e - SCALP / SASU SCALP #2Part capital : 0.00Part int‚rˆt : 1.32;;1,32;Compl‚t‚;42,11;1,32;0,00;1,32;0,23;0,00;1,09
18/06/2024 … 10:39;Imp“ts;Virement;Flat Tax - Paiement lib‚ratoire Imp“ts - SAS LAVERRIERE / SAS LAVERRIEREPr‚lŠvement sociaux : 0.12Imp“ts : 0.00;-0,12;;Compl‚t‚;40,79;;;;;;
18/06/2024 … 10:39;Ech‚ance;Virement;Ech‚ance nø21 pr‚lev‚e - SAS LAVERRIERE / SAS LAVERRIEREPart capital : 5.79Part int‚rˆt : 0.69;;6,48;Compl‚t‚;40,91;6,48;5,79;0,69;0,12;0,00;0,57
14/06/2024 … 19:17;Imp“ts;Virement;Flat Tax - Paiement lib‚ratoire Imp“ts - Riverparc Patrimoine / Riverparc PatrimoinePr‚lŠvement sociaux : 0.76Imp“ts : 0.00;-0,76;;Compl‚t‚;34,43;;;;;;
14/06/2024 … 19:17;Ech‚ance;Virement;Ech‚ance nø1 pr‚lev‚e - Riverparc Patrimoine / Riverparc PatrimoinePart capital : 0.00Part int‚rˆt : 4.43;;4,43;Compl‚t‚;35,19;4,43;0,00;4,43;0,76;0,00;3,67
14/06/2024 … 17:08;Imp“ts;Virement;Flat Tax - Paiement lib‚ratoire Imp“ts - C.L.S Immo-Prestige / CLS IMMO-PRESTIGE #3Pr‚lŠvement sociaux : 0.06Imp“ts : 0.00;-0,06;;Compl‚t‚;30,76;;;;;;
14/06/2024 … 17:08;Ech‚ance;Virement;Ech‚ance nø8 pr‚lev‚e - C.L.S Immo-Prestige / CLS IMMO-PRESTIGE #3Part capital : 0.00Part int‚rˆt : 0.32;;0,32;Compl‚t‚;30,82;0,32;0,00;0,32;0,06;0,00;0,26
14/06/2024 … 16:10;Imp“ts;Virement;Flat Tax - Paiement lib‚ratoire Imp“ts - SCALP / SASU SCALP #2Pr‚lŠvement sociaux : 0.23Imp“ts : 0.00;-0,23;;Compl‚t‚;30,50;;;;;;
14/06/2024 … 16:10;Ech‚ance;Virement;Ech‚ance nø10 pr‚lev‚e - SCALP / SASU SCALP #2Part capital : 0.00Part int‚rˆt : 1.32;;1,32;Compl‚t‚;30,73;1,32;0,00;1,32;0,23;0,00;1,09
14/06/2024 … 11:00;Imp“ts;Virement;Flat Tax - Paiement lib‚ratoire Imp“ts - groupe best / Groupe Best Pr‚lŠvement sociaux : 0.02Imp“ts : 0.00;-0,02;;Compl‚t‚;29,41;;;;;;
14/06/2024 … 11:00;Ech‚ance;Virement;Ech‚ance nø21 pr‚lev‚e - groupe best / Groupe Best Part capital : 4.42Part int‚rˆt : 0.13;;4,55;Compl‚t‚;29,43;4,55;4,42;0,13;0,02;0,00;0,11
17/05/2024 … 17:03;Imp“ts;Virement;Flat Tax - Paiement lib‚ratoire Imp“ts - SAS LAVERRIERE / SAS LAVERRIEREPr‚lŠvement sociaux : 0.13Imp“ts : 0.00;-0,13;;Compl‚t‚;24,88;;;;;;
17/05/2024 … 17:03;Ech‚ance;Virement;Ech‚ance nø20 pr‚lev‚e - SAS LAVERRIERE / SAS LAVERRIEREPart capital : 5.75Part int‚rˆt : 0.73;;6,48;Compl‚t‚;25,01;6,48;5,75;0,73;0,13;0,00;0,60
17/05/2024 … 16:48;Imp“ts;Virement;Flat Tax - Paiement lib‚ratoire Imp“ts - groupe best / Groupe Best Pr‚lŠvement sociaux : 0.03Imp“ts : 0.00;-0,03;;Compl‚t‚;18,53;;;;;;
17/05/2024 … 16:48;Ech‚ance;Virement;Ech‚ance nø20 pr‚lev‚e - groupe best / Groupe Best Part capital : 4.39Part int‚rˆt : 0.16;;4,55;Compl‚t‚;18,56;4,55;4,39;0,16;0,03;0,00;0,13
17/05/2024 … 12:14;Imp“ts;Virement;Flat Tax - Paiement lib‚ratoire Imp“ts - C.L.S Immo-Prestige / CLS IMMO-PRESTIGE #3Pr‚lŠvement sociaux : 0.06Imp“ts : 0.00;-0,06;;Compl‚t‚;14,01;;;;;;
17/05/2024 … 12:14;Ech‚ance;Virement;Ech‚ance nø7 pr‚lev‚e - C.L.S Immo-Prestige / CLS IMMO-PRESTIGE #3Part capital : 0.00Part int‚rˆt : 0.32;;0,32;Compl‚t‚;14,07;0,32;0,00;0,32;0,06;0,00;0,26
17/05/2024 … 11:16;Imp“ts;Virement;Flat Tax - Paiement lib‚ratoire Imp“ts - SCALP / SASU SCALP #2Pr‚lŠvement sociaux : 0.23Imp“ts : 0.00;-0,23;;Compl‚t‚;13,75;;;;;;
17/05/2024 … 11:16;Ech‚ance;Virement;Ech‚ance nø9 pr‚lev‚e - SCALP / SASU SCALP #2Part capital : 0.00Part int‚rˆt : 1.32;;1,32;Compl‚t‚;13,98;1,32;0,00;1,32;0,23;0,00;1,09
19/04/2024 … 11:00;Imp“ts;Virement;Flat Tax - Paiement lib‚ratoire Imp“ts - SAS LAVERRIERE / SAS LAVERRIEREPr‚lŠvement sociaux : 0.13Imp“ts : 0.00;-0,13;;Compl‚t‚;12,66;;;;;;
19/04/2024 … 11:00;Ech‚ance;Virement;Ech‚ance nø19 pr‚lev‚e - SAS LAVERRIERE / SAS LAVERRIEREPart capital : 5.71Part int‚rˆt : 0.76;;6,47;Compl‚t‚;12,79;6,47;5,71;0,76;0,13;0,00;0,63
18/04/2024 … 18:04;Imp“ts;Virement;Flat Tax - Paiement lib‚ratoire Imp“ts - C.L.S Immo-Prestige / CLS IMMO-PRESTIGE #3Pr‚lŠvement sociaux : 0.06Imp“ts : 0.00;-0,06;;Compl‚t‚;6,32;;;;;;
18/04/2024 … 18:04;Ech‚ance;Virement;Ech‚ance nø6 pr‚lev‚e - C.L.S Immo-Prestige / CLS IMMO-PRESTIGE #3Part capital : 0.00Part int‚rˆt : 0.32;;0,32;Compl‚t‚;6,38;0,32;0,00;0,32;0,06;0,00;0,26
18/04/2024 … 17:05;Imp“ts;Virement;Flat Tax - Paiement lib‚ratoire Imp“ts - SCALP / SASU SCALP #2Pr‚lŠvement sociaux : 0.23Imp“ts : 0.00;-0,23;;Compl‚t‚;6,06;;;;;;
18/04/2024 … 17:05;Ech‚ance;Virement;Ech‚ance nø8 pr‚lev‚e - SCALP / SASU SCALP #2Part capital : 0.00Part int‚rˆt : 1.32;;1,32;Compl‚t‚;6,29;1,32;0,00;1,32;0,23;0,00;1,09
18/04/2024 … 11:19;Imp“ts;Virement;Flat Tax - Paiement lib‚ratoire Imp“ts - groupe best / Groupe Best Pr‚lŠvement sociaux : 0.03Imp“ts : 0.00;-0,03;;Compl‚t‚;4,97;;;;;;
18/04/2024 … 11:19;Ech‚ance;Virement;Ech‚ance nø19 pr‚lev‚e - groupe best / Groupe Best Part capital : 4.36Part int‚rˆt : 0.19;;4,55;Compl‚t‚;5,00;4,55;4,36;0,19;0,03;0,00;0,16
22/03/2024 … 12:04;Offre;Virement;Riverparc Patrimoine / Riverparc Patrimoine;-224,00;;Compl‚t‚;0,45;;;;;;
18/03/2024 … 17:02;Imp“ts;Virement;Flat Tax - Paiement lib‚ratoire Imp“ts - groupe best / Groupe Best Pr‚lŠvement sociaux : 0.04Imp“ts : 0.00;-0,04;;Compl‚t‚;224,45;;;;;;
18/03/2024 … 17:02;Ech‚ance;Virement;Ech‚ance nø18 pr‚lev‚e - groupe best / Groupe Best Part capital : 4.33Part int‚rˆt : 0.22;;4,55;Compl‚t‚;224,49;4,55;4,33;0,22;0,04;0,00;0,18
18/03/2024 … 14:47;Imp“ts;Virement;Flat Tax - Paiement lib‚ratoire Imp“ts - SAS LAVERRIERE / SAS LAVERRIEREPr‚lŠvement sociaux : 0.14Imp“ts : 0.00;-0,14;;Compl‚t‚;219,94;;;;;;
18/03/2024 … 14:47;Ech‚ance;Virement;Ech‚ance nø18 pr‚lev‚e - SAS LAVERRIERE / SAS LAVERRIEREPart capital : 5.67Part int‚rˆt : 0.80;;6,47;Compl‚t‚;220,08;6,47;5,67;0,80;0,14;0,00;0,66
18/03/2024 … 14:05;Imp“ts;Virement;Flat Tax - Paiement lib‚ratoire Imp“ts - C.L.S Immo-Prestige / CLS IMMO-PRESTIGE #3Pr‚lŠvement sociaux : 0.06Imp“ts : 0.00;-0,06;;Compl‚t‚;213,61;;;;;;
18/03/2024 … 14:05;Ech‚ance;Virement;Ech‚ance nø5 pr‚lev‚e - C.L.S Immo-Prestige / CLS IMMO-PRESTIGE #3Part capital : 0.00Part int‚rˆt : 0.32;;0,32;Compl‚t‚;213,67;0,32;0,00;0,32;0,06;0,00;0,26
18/03/2024 … 13:19;Imp“ts;Virement;Flat Tax - Paiement lib‚ratoire Imp“ts - SCALP / SASU SCALP #2Pr‚lŠvement sociaux : 0.23Imp“ts : 0.00;-0,23;;Compl‚t‚;213,35;;;;;;
18/03/2024 … 13:19;Ech‚ance;Virement;Ech‚ance nø7 pr‚lev‚e - SCALP / SASU SCALP #2Part capital : 0.00Part int‚rˆt : 1.32;;1,32;Compl‚t‚;213,58;1,32;0,00;1,32;0,23;0,00;1,09
19/02/2024 … 11:33;Remboursement Anticip‚;Virement;Remboursement anticip‚ - TTM INVEST / SAS TTM INVESTPart capital : 56.00Part int‚rˆt : 0.00;;56,00;Compl‚t‚;212,26;56,00;56,00;0,00;0,00;0,00;0,00
16/02/2024 … 20:36;Imp“ts;Virement;Flat Tax - Paiement lib‚ratoire Imp“ts - C.L.S Immo-Prestige / CLS IMMO-PRESTIGE #3Pr‚lŠvement sociaux : 0.06Imp“ts : 0.00;-0,06;;Compl‚t‚;156,26;;;;;;
16/02/2024 … 20:36;Ech‚ance;Virement;Ech‚ance nø4 pr‚lev‚e - C.L.S Immo-Prestige / CLS IMMO-PRESTIGE #3Part capital : 0.00Part int‚rˆt : 0.32;;0,32;Compl‚t‚;156,32;0,32;0,00;0,32;0,06;0,00;0,26
16/02/2024 … 19:16;Imp“ts;Virement;Flat Tax - Paiement lib‚ratoire Imp“ts - SCALP / SASU SCALP #2Pr‚lŠvement sociaux : 0.23Imp“ts : 0.00;-0,23;;Compl‚t‚;156,00;;;;;;
16/02/2024 … 19:16;Ech‚ance;Virement;Ech‚ance nø6 pr‚lev‚e - SCALP / SASU SCALP #2Part capital : 0.00Part int‚rˆt : 1.32;;1,32;Compl‚t‚;156,23;1,32;0,00;1,32;0,23;0,00;1,09
16/02/2024 … 19:02;Imp“ts;Virement;Flat Tax - Paiement lib‚ratoire Imp“ts - TTM INVEST / SAS TTM INVESTPr‚lŠvement sociaux : 0.08Imp“ts : 0.00;-0,08;;Compl‚t‚;154,91;;;;;;
16/02/2024 … 19:02;Ech‚ance;Virement;Ech‚ance nø6 pr‚lev‚e - TTM INVEST / SAS TTM INVESTPart capital : 0.00Part int‚rˆt : 0.47;;0,47;Compl‚t‚;154,99;0,47;0,00;0,47;0,08;0,00;0,39
16/02/2024 … 12:55;Imp“ts;Virement;Flat Tax - Paiement lib‚ratoire Imp“ts - groupe best / Groupe Best Pr‚lŠvement sociaux : 0.04Imp“ts : 0.00;-0,04;;Compl‚t‚;154,52;;;;;;
16/02/2024 … 12:55;Ech‚ance;Virement;Ech‚ance nø17 pr‚lev‚e - groupe best / Groupe Best Part capital : 4.30Part int‚rˆt : 0.25;;4,55;Compl‚t‚;154,56;4,55;4,30;0,25;0,04;0,00;0,21
16/02/2024 … 12:41;Imp“ts;Virement;Flat Tax - Paiement lib‚ratoire Imp“ts - SAS LAVERRIERE / SAS LAVERRIEREPr‚lŠvement sociaux : 0.15Imp“ts : 0.00;-0,15;;Compl‚t‚;150,01;;;;;;
16/02/2024 … 12:41;Ech‚ance;Virement;Ech‚ance nø17 pr‚lev‚e - SAS LAVERRIERE / SAS LAVERRIEREPart capital : 5.63Part int‚rˆt : 0.85;;6,48;Compl‚t‚;150,16;6,48;5,63;0,85;0,15;0,00;0,70
22/01/2024 … 10:47;Remboursement Anticip‚;Virement;Remboursement anticip‚ - ADV Invest / ADV Invest - Divonne les BainsPart capital : 61.00Part int‚rˆt : 0.00;;61,00;Compl‚t‚;143,68;61,00;61,00;0,00;0,00;0,00;0,00
18/01/2024 … 20:47;Imp“ts;Virement;Flat Tax - Paiement lib‚ratoire Imp“ts - C.L.S Immo-Prestige / CLS IMMO-PRESTIGE #3Pr‚lŠvement sociaux : 0.06Imp“ts : 0.00;-0,06;;Compl‚t‚;82,68;;;;;;
18/01/2024 … 20:47;Ech‚ance;Virement;Ech‚ance nø3 pr‚lev‚e - C.L.S Immo-Prestige / CLS IMMO-PRESTIGE #3Part capital : 0.00Part int‚rˆt : 0.32;;0,32;Compl‚t‚;82,74;0,32;0,00;0,32;0,06;0,00;0,26
18/01/2024 … 19:43;Imp“ts;Virement;Flat Tax - Paiement lib‚ratoire Imp“ts - SCALP / SASU SCALP #2Pr‚lŠvement sociaux : 0.23Imp“ts : 0.00;-0,23;;Compl‚t‚;82,42;;;;;;
18/01/2024 … 19:43;Ech‚ance;Virement;Ech‚ance nø5 pr‚lev‚e - SCALP / SASU SCALP #2Part capital : 0.00Part int‚rˆt : 1.32;;1,32;Compl‚t‚;82,65;1,32;0,00;1,32;0,23;0,00;1,09
18/01/2024 … 19:17;Imp“ts;Virement;Flat Tax - Paiement lib‚ratoire Imp“ts - TTM INVEST / SAS TTM INVESTPr‚lŠvement sociaux : 0.08Imp“ts : 0.00;-0,08;;Compl‚t‚;81,33;;;;;;
18/01/2024 … 19:17;Ech‚ance;Virement;Ech‚ance nø5 pr‚lev‚e - TTM INVEST / SAS TTM INVESTPart capital : 0.00Part int‚rˆt : 0.47;;0,47;Compl‚t‚;81,41;0,47;0,00;0,47;0,08;0,00;0,39
18/01/2024 … 17:51;Imp“ts;Virement;Flat Tax - Paiement lib‚ratoire Imp“ts - ADV Invest / ADV Invest - Divonne les BainsPr‚lŠvement sociaux : 0.09Imp“ts : 0.00;-0,09;;Compl‚t‚;80,94;;;;;;
18/01/2024 … 17:51;Ech‚ance;Virement;Ech‚ance nø7 pr‚lev‚e - ADV Invest / ADV Invest - Divonne les BainsPart capital : 0.00Part int‚rˆt : 0.51;;0,51;Compl‚t‚;81,03;0,51;0,00;0,51;0,09;0,00;0,42
18/01/2024 … 13:05;Imp“ts;Virement;Flat Tax - Paiement lib‚ratoire Imp“ts - groupe best / Groupe Best Pr‚lŠvement sociaux : 0.05Imp“ts : 0.00;-0,05;;Compl‚t‚;80,52;;;;;;
18/01/2024 … 13:05;Ech‚ance;Virement;Ech‚ance nø16 pr‚lev‚e - groupe best / Groupe Best Part capital : 4.27Part int‚rˆt : 0.28;;4,55;Compl‚t‚;80,57;4,55;4,27;0,28;0,05;0,00;0,23
18/01/2024 … 13:03;Imp“ts;Virement;Flat Tax - Paiement lib‚ratoire Imp“ts - SAS LAVERRIERE / SAS LAVERRIEREPr‚lŠvement sociaux : 0.15Imp“ts : 0.00;-0,15;;Compl‚t‚;76,02;;;;;;
18/01/2024 … 13:03;Ech‚ance;Virement;Ech‚ance nø16 pr‚lev‚e - SAS LAVERRIERE / SAS LAVERRIEREPart capital : 5.59Part int‚rˆt : 0.89;;6,48;Compl‚t‚;76,17;6,48;5,59;0,89;0,15;0,00;0,74
18/12/2023 … 21:06;Imp“ts;Virement;Flat Tax - Paiement lib‚ratoire Imp“ts - C.L.S Immo-Prestige / CLS IMMO-PRESTIGE #3Pr‚lŠvement sociaux : 0.06Imp“ts : 0.00;-0,06;;Compl‚t‚;69,69;;;;;;
18/12/2023 … 21:06;Ech‚ance;Virement;Ech‚ance nø2 pr‚lev‚e - C.L.S Immo-Prestige / CLS IMMO-PRESTIGE #3Part capital : 0.00Part int‚rˆt : 0.32;;0,32;Compl‚t‚;69,75;0,32;0,00;0,32;0,06;0,00;0,26
18/12/2023 … 19:53;Imp“ts;Virement;Flat Tax - Paiement lib‚ratoire Imp“ts - SCALP / SASU SCALP #2Pr‚lŠvement sociaux : 0.23Imp“ts : 0.00;-0,23;;Compl‚t‚;69,43;;;;;;
18/12/2023 … 19:53;Ech‚ance;Virement;Ech‚ance nø4 pr‚lev‚e - SCALP / SASU SCALP #2Part capital : 0.00Part int‚rˆt : 1.32;;1,32;Compl‚t‚;69,66;1,32;0,00;1,32;0,23;0,00;1,09
18/12/2023 … 19:40;Imp“ts;Virement;Flat Tax - Paiement lib‚ratoire Imp“ts - TTM INVEST / SAS TTM INVESTPr‚lŠvement sociaux : 0.08Imp“ts : 0.00;-0,08;;Compl‚t‚;68,34;;;;;;
18/12/2023 … 19:40;Ech‚ance;Virement;Ech‚ance nø4 pr‚lev‚e - TTM INVEST / SAS TTM INVESTPart capital : 0.00Part int‚rˆt : 0.47;;0,47;Compl‚t‚;68,42;0,47;0,00;0,47;0,08;0,00;0,39
18/12/2023 … 18:47;Imp“ts;Virement;Flat Tax - Paiement lib‚ratoire Imp“ts - ADV Invest / ADV Invest - Divonne les BainsPr‚lŠvement sociaux : 0.09Imp“ts : 0.00;-0,09;;Compl‚t‚;67,95;;;;;;
18/12/2023 … 18:47;Ech‚ance;Virement;Ech‚ance nø6 pr‚lev‚e - ADV Invest / ADV Invest - Divonne les BainsPart capital : 0.00Part int‚rˆt : 0.51;;0,51;Compl‚t‚;68,04;0,51;0,00;0,51;0,09;0,00;0,42
18/12/2023 … 13:02;Imp“ts;Virement;Flat Tax - Paiement lib‚ratoire Imp“ts - groupe best / Groupe Best Pr‚lŠvement sociaux : 0.05Imp“ts : 0.00;-0,05;;Compl‚t‚;67,53;;;;;;
18/12/2023 … 13:02;Ech‚ance;Virement;Ech‚ance nø15 pr‚lev‚e - groupe best / Groupe Best Part capital : 4.24Part int‚rˆt : 0.31;;4,55;Compl‚t‚;67,58;4,55;4,24;0,31;0,05;0,00;0,26
18/12/2023 … 12:59;Imp“ts;Virement;Flat Tax - Paiement lib‚ratoire Imp“ts - SAS LAVERRIERE / SAS LAVERRIEREPr‚lŠvement sociaux : 0.16Imp“ts : 0.00;-0,16;;Compl‚t‚;63,03;;;;;;
18/12/2023 … 12:59;Ech‚ance;Virement;Ech‚ance nø15 pr‚lev‚e - SAS LAVERRIERE / SAS LAVERRIEREPart capital : 5.55Part int‚rˆt : 0.93;;6,48;Compl‚t‚;63,19;6,48;5,55;0,93;0,16;0,00;0,77
07/12/2023 … 11:44;Remboursement Anticip‚;Virement;Remboursement anticip‚ - AFI4 / AFI4Part capital : 30.00Part int‚rˆt : 0.00;;30,00;Compl‚t‚;56,71;30,00;30,00;0,00;0,00;0,00;0,00
07/12/2023 … 11:16;Imp“ts;Virement;Flat Tax - Paiement lib‚ratoire Imp“ts - AFI4 / AFI4Pr‚lŠvement sociaux : 0.04Imp“ts : 0.00;-0,04;;Compl‚t‚;26,71;;;;;;
07/12/2023 … 11:16;Ech‚ance;Virement;Ech‚ance nø10 pr‚lev‚e - AFI4 / AFI4Part capital : 0.00Part int‚rˆt : 0.23;;0,23;Compl‚t‚;26,75;0,23;0,00;0,23;0,04;0,00;0,19
22/11/2023 … 12:12;Imp“ts;Virement;Flat Tax - Paiement lib‚ratoire Imp“ts - AFI4 / AFI4Pr‚lŠvement sociaux : 0.04Imp“ts : 0.00;-0,04;;Compl‚t‚;26,52;;;;;;
22/11/2023 … 12:12;Ech‚ance;Virement;Ech‚ance nø9 pr‚lev‚e - AFI4 / AFI4Part capital : 0.00Part int‚rˆt : 0.22;;0,22;Compl‚t‚;26,56;0,22;0,00;0,22;0,04;0,00;0,18
17/11/2023 … 21:23;Imp“ts;Virement;Flat Tax - Paiement lib‚ratoire Imp“ts - C.L.S Immo-Prestige / CLS IMMO-PRESTIGE #3Pr‚lŠvement sociaux : 0.11Imp“ts : 0.00;-0,11;;Compl‚t‚;26,34;;;;;;
17/11/2023 … 21:23;Ech‚ance;Virement;Ech‚ance nø1 pr‚lev‚e - C.L.S Immo-Prestige / CLS IMMO-PRESTIGE #3Part capital : 0.00Part int‚rˆt : 0.64;;0,64;Compl‚t‚;26,45;0,64;0,00;0,64;0,11;0,00;0,53
17/11/2023 … 20:00;Imp“ts;Virement;Flat Tax - Paiement lib‚ratoire Imp“ts - TTM INVEST / SAS TTM INVESTPr‚lŠvement sociaux : 0.08Imp“ts : 0.00;-0,08;;Compl‚t‚;25,81;;;;;;
17/11/2023 … 20:00;Ech‚ance;Virement;Ech‚ance nø3 pr‚lev‚e - TTM INVEST / SAS TTM INVESTPart capital : 0.00Part int‚rˆt : 0.47;;0,47;Compl‚t‚;25,89;0,47;0,00;0,47;0,08;0,00;0,39
17/11/2023 … 19:51;Imp“ts;Virement;Flat Tax - Paiement lib‚ratoire Imp“ts - SCALP / SASU SCALP #2Pr‚lŠvement sociaux : 0.23Imp“ts : 0.00;-0,23;;Compl‚t‚;25,42;;;;;;
17/11/2023 … 19:51;Ech‚ance;Virement;Ech‚ance nø3 pr‚lev‚e - SCALP / SASU SCALP #2Part capital : 0.00Part int‚rˆt : 1.32;;1,32;Compl‚t‚;25,65;1,32;0,00;1,32;0,23;0,00;1,09
17/11/2023 … 18:58;Imp“ts;Virement;Flat Tax - Paiement lib‚ratoire Imp“ts - ADV Invest / ADV Invest - Divonne les BainsPr‚lŠvement sociaux : 0.09Imp“ts : 0.00;-0,09;;Compl‚t‚;24,33;;;;;;
17/11/2023 … 18:58;Ech‚ance;Virement;Ech‚ance nø5 pr‚lev‚e - ADV Invest / ADV Invest - Divonne les BainsPart capital : 0.00Part int‚rˆt : 0.51;;0,51;Compl‚t‚;24,42;0,51;0,00;0,51;0,09;0,00;0,42
17/11/2023 … 13:29;Imp“ts;Virement;Flat Tax - Paiement lib‚ratoire Imp“ts - SAS LAVERRIERE / SAS LAVERRIEREPr‚lŠvement sociaux : 0.17Imp“ts : 0.00;-0,17;;Compl‚t‚;23,91;;;;;;
17/11/2023 … 13:29;Ech‚ance;Virement;Ech‚ance nø14 pr‚lev‚e - SAS LAVERRIERE / SAS LAVERRIEREPart capital : 5.51Part int‚rˆt : 0.97;;6,48;Compl‚t‚;24,08;6,48;5,51;0,97;0,17;0,00;0,80
17/11/2023 … 13:16;Imp“ts;Virement;Flat Tax - Paiement lib‚ratoire Imp“ts - groupe best / Groupe Best Pr‚lŠvement sociaux : 0.06Imp“ts : 0.00;-0,06;;Compl‚t‚;17,60;;;;;;
17/11/2023 … 13:16;Ech‚ance;Virement;Ech‚ance nø14 pr‚lev‚e - groupe best / Groupe Best Part capital : 4.21Part int‚rˆt : 0.34;;4,55;Compl‚t‚;17,66;4,55;4,21;0,34;0,06;0,00;0,28
02/11/2023 … 09:45;Imp“ts;Virement;Flat Tax - Paiement lib‚ratoire Imp“ts - AFI4 / AFI4Pr‚lŠvement sociaux : 0.04Imp“ts : 0.00;-0,04;;Compl‚t‚;13,11;;;;;;
02/11/2023 … 09:45;Ech‚ance;Virement;Ech‚ance nø8 pr‚lev‚e - AFI4 / AFI4Part capital : 0.00Part int‚rˆt : 0.22;;0,22;Compl‚t‚;13,15;0,22;0,00;0,22;0,04;0,00;0,18
18/10/2023 … 21:52;Imp“ts;Virement;Flat Tax - Paiement lib‚ratoire Imp“ts - SCALP / SASU SCALP #2Pr‚lŠvement sociaux : 0.23Imp“ts : 0.00;-0,23;;Compl‚t‚;12,93;;;;;;
18/10/2023 … 21:52;Ech‚ance;Virement;Ech‚ance nø2 pr‚lev‚e - SCALP / SASU SCALP #2Part capital : 0.00Part int‚rˆt : 1.32;;1,32;Compl‚t‚;13,16;1,32;0,00;1,32;0,23;0,00;1,09
18/10/2023 … 21:28;Imp“ts;Virement;Flat Tax - Paiement lib‚ratoire Imp“ts - TTM INVEST / SAS TTM INVESTPr‚lŠvement sociaux : 0.08Imp“ts : 0.00;-0,08;;Compl‚t‚;11,84;;;;;;
18/10/2023 … 21:28;Ech‚ance;Virement;Ech‚ance nø2 pr‚lev‚e - TTM INVEST / SAS TTM INVESTPart capital : 0.00Part int‚rˆt : 0.47;;0,47;Compl‚t‚;11,92;0,47;0,00;0,47;0,08;0,00;0,39
18/10/2023 … 19:59;Imp“ts;Virement;Flat Tax - Paiement lib‚ratoire Imp“ts - ADV Invest / ADV Invest - Divonne les BainsPr‚lŠvement sociaux : 0.09Imp“ts : 0.00;-0,09;;Compl‚t‚;11,45;;;;;;
18/10/2023 … 19:59;Ech‚ance;Virement;Ech‚ance nø4 pr‚lev‚e - ADV Invest / ADV Invest - Divonne les BainsPart capital : 0.00Part int‚rˆt : 0.51;;0,51;Compl‚t‚;11,54;0,51;0,00;0,51;0,09;0,00;0,42
18/10/2023 … 15:01;Imp“ts;Virement;Flat Tax - Paiement lib‚ratoire Imp“ts - groupe best / Groupe Best Pr‚lŠvement sociaux : 0.06Imp“ts : 0.00;-0,06;;Compl‚t‚;11,03;;;;;;
18/10/2023 … 15:01;Ech‚ance;Virement;Ech‚ance nø13 pr‚lev‚e - groupe best / Groupe Best Part capital : 4.18Part int‚rˆt : 0.37;;4,55;Compl‚t‚;11,09;4,55;4,18;0,37;0,06;0,00;0,31
18/10/2023 … 14:58;Imp“ts;Virement;Flat Tax - Paiement lib‚ratoire Imp“ts - SAS LAVERRIERE / SAS LAVERRIEREPr‚lŠvement sociaux : 0.17Imp“ts : 0.00;-0,17;;Compl‚t‚;6,54;;;;;;
18/10/2023 … 14:58;Ech‚ance;Virement;Ech‚ance nø13 pr‚lev‚e - SAS LAVERRIERE / SAS LAVERRIEREPart capital : 5.47Part int‚rˆt : 1.01;;6,48;Compl‚t‚;6,71;6,48;5,47;1,01;0,17;0,00;0,84
22/09/2023 … 16:28;Offre;Virement;C.L.S Immo-Prestige / CLS IMMO-PRESTIGE #3;-38,00;;Compl‚t‚;0,23;;;;;;
20/09/2023 … 09:54;Imp“ts;Virement;Flat Tax - Paiement lib‚ratoire Imp“ts - AFI4 / AFI4Pr‚lŠvement sociaux : 0.04Imp“ts : 0.00;-0,04;;Compl‚t‚;38,23;;;;;;
20/09/2023 … 09:54;Ech‚ance;Virement;Ech‚ance nø7 pr‚lev‚e - AFI4 / AFI4Part capital : 0.00Part int‚rˆt : 0.22;;0,22;Compl‚t‚;38,27;0,22;0,00;0,22;0,04;0,00;0,18
15/09/2023 … 21:29;Imp“ts;Virement;Flat Tax - Paiement lib‚ratoire Imp“ts - SCALP / SASU SCALP #2Pr‚lŠvement sociaux : 0.51Imp“ts : 0.00;-0,51;;Compl‚t‚;38,05;;;;;;
15/09/2023 … 21:29;Ech‚ance;Virement;Ech‚ance nø1 pr‚lev‚e - SCALP / SASU SCALP #2Part capital : 0.00Part int‚rˆt : 2.95;;2,95;Compl‚t‚;38,56;2,95;0,00;2,95;0,51;0,00;2,44
15/09/2023 … 21:02;Imp“ts;Virement;Flat Tax - Paiement lib‚ratoire Imp“ts - TTM INVEST / SAS TTM INVESTPr‚lŠvement sociaux : 0.15Imp“ts : 0.00;-0,15;;Compl‚t‚;35,61;;;;;;
15/09/2023 … 21:02;Ech‚ance;Virement;Ech‚ance nø1 pr‚lev‚e - TTM INVEST / SAS TTM INVESTPart capital : 0.00Part int‚rˆt : 0.90;;0,90;Compl‚t‚;35,76;0,90;0,00;0,90;0,15;0,00;0,75
15/09/2023 … 19:25;Imp“ts;Virement;Flat Tax - Paiement lib‚ratoire Imp“ts - ADV Invest / ADV Invest - Divonne les BainsPr‚lŠvement sociaux : 0.09Imp“ts : 0.00;-0,09;;Compl‚t‚;34,86;;;;;;
15/09/2023 … 19:25;Ech‚ance;Virement;Ech‚ance nø3 pr‚lev‚e - ADV Invest / ADV Invest - Divonne les BainsPart capital : 0.00Part int‚rˆt : 0.51;;0,51;Compl‚t‚;34,95;0,51;0,00;0,51;0,09;0,00;0,42
15/09/2023 … 14:05;Imp“ts;Virement;Flat Tax - Paiement lib‚ratoire Imp“ts - groupe best / Groupe Best Pr‚lŠvement sociaux : 0.07Imp“ts : 0.00;-0,07;;Compl‚t‚;34,44;;;;;;
15/09/2023 … 14:05;Ech‚ance;Virement;Ech‚ance nø12 pr‚lev‚e - groupe best / Groupe Best Part capital : 4.15Part int‚rˆt : 0.40;;4,55;Compl‚t‚;34,51;4,55;4,15;0,40;0,07;0,00;0,33
15/09/2023 … 14:00;Imp“ts;Virement;Flat Tax - Paiement lib‚ratoire Imp“ts - SAS LAVERRIERE / SAS LAVERRIEREPr‚lŠvement sociaux : 0.18Imp“ts : 0.00;-0,18;;Compl‚t‚;29,96;;;;;;
15/09/2023 … 14:00;Ech‚ance;Virement;Ech‚ance nø12 pr‚lev‚e - SAS LAVERRIERE / SAS LAVERRIEREPart capital : 5.43Part int‚rˆt : 1.05;;6,48;Compl‚t‚;30,14;6,48;5,43;1,05;0,18;0,00;0,87
17/08/2023 … 20:05;Imp“ts;Virement;Flat Tax - Paiement lib‚ratoire Imp“ts - ADV Invest / ADV Invest - Divonne les BainsPr‚lŠvement sociaux : 0.09Imp“ts : 0.00;-0,09;;Compl‚t‚;23,66;;;;;;
17/08/2023 … 20:05;Ech‚ance;Virement;Ech‚ance nø2 pr‚lev‚e - ADV Invest / ADV Invest - Divonne les BainsPart capital : 0.00Part int‚rˆt : 0.51;;0,51;Compl‚t‚;23,75;0,51;0,00;0,51;0,09;0,00;0,42
17/08/2023 … 17:43;Imp“ts;Virement;Flat Tax - Paiement lib‚ratoire Imp“ts - AFI4 / AFI4Pr‚lŠvement sociaux : 0.04Imp“ts : 0.00;-0,04;;Compl‚t‚;23,24;;;;;;
17/08/2023 … 17:43;Ech‚ance;Virement;Ech‚ance nø6 pr‚lev‚e - AFI4 / AFI4Part capital : 0.00Part int‚rˆt : 0.23;;0,23;Compl‚t‚;23,28;0,23;0,00;0,23;0,04;0,00;0,19
17/08/2023 … 14:40;Imp“ts;Virement;Flat Tax - Paiement lib‚ratoire Imp“ts - SAS LAVERRIERE / SAS LAVERRIEREPr‚lŠvement sociaux : 0.19Imp“ts : 0.00;-0,19;;Compl‚t‚;23,05;;;;;;
17/08/2023 … 14:40;Ech‚ance;Virement;Ech‚ance nø11 pr‚lev‚e - SAS LAVERRIERE / SAS LAVERRIEREPart capital : 5.40Part int‚rˆt : 1.08;;6,48;Compl‚t‚;23,24;6,48;5,40;1,08;0,19;0,00;0,89
17/08/2023 … 14:26;Imp“ts;Virement;Flat Tax - Paiement lib‚ratoire Imp“ts - groupe best / Groupe Best Pr‚lŠvement sociaux : 0.07Imp“ts : 0.00;-0,07;;Compl‚t‚;16,76;;;;;;
17/08/2023 … 14:26;Ech‚ance;Virement;Ech‚ance nø11 pr‚lev‚e - groupe best / Groupe Best Part capital : 4.12Part int‚rˆt : 0.43;;4,55;Compl‚t‚;16,83;4,55;4,12;0,43;0,07;0,00;0,36
17/07/2023 … 20:32;Imp“ts;Virement;Flat Tax - Paiement lib‚ratoire Imp“ts - ADV Invest / ADV Invest - Divonne les BainsPr‚lŠvement sociaux : 0.21Imp“ts : 0.00;-0,21;;Compl‚t‚;12,28;;;;;;
17/07/2023 … 20:32;Ech‚ance;Virement;Ech‚ance nø1 pr‚lev‚e - ADV Invest / ADV Invest - Divonne les BainsPart capital : 0.00Part int‚rˆt : 1.21;;1,21;Compl‚t‚;12,49;1,21;0,00;1,21;0,21;0,00;1,00
17/07/2023 … 18:03;Imp“ts;Virement;Flat Tax - Paiement lib‚ratoire Imp“ts - AFI4 / AFI4Pr‚lŠvement sociaux : 0.04Imp“ts : 0.00;-0,04;;Compl‚t‚;11,28;;;;;;
17/07/2023 … 18:03;Ech‚ance;Virement;Ech‚ance nø5 pr‚lev‚e - AFI4 / AFI4Part capital : 0.00Part int‚rˆt : 0.23;;0,23;Compl‚t‚;11,32;0,23;0,00;0,23;0,04;0,00;0,19
17/07/2023 … 15:08;Imp“ts;Virement;Flat Tax - Paiement lib‚ratoire Imp“ts - SAS LAVERRIERE / SAS LAVERRIEREPr‚lŠvement sociaux : 0.19Imp“ts : 0.00;-0,19;;Compl‚t‚;11,09;;;;;;
17/07/2023 … 15:08;Ech‚ance;Virement;Ech‚ance nø10 pr‚lev‚e - SAS LAVERRIERE / SAS LAVERRIEREPart capital : 5.36Part int‚rˆt : 1.12;;6,48;Compl‚t‚;11,28;6,48;5,36;1,12;0,19;0,00;0,93
17/07/2023 … 14:54;Imp“ts;Virement;Flat Tax - Paiement lib‚ratoire Imp“ts - groupe best / Groupe Best Pr‚lŠvement sociaux : 0.08Imp“ts : 0.00;-0,08;;Compl‚t‚;4,80;;;;;;
17/07/2023 … 14:54;Ech‚ance;Virement;Ech‚ance nø10 pr‚lev‚e - groupe best / Groupe Best Part capital : 4.09Part int‚rˆt : 0.46;;4,55;Compl‚t‚;4,88;4,55;4,09;0,46;0,08;0,00;0,38
14/07/2023 … 18:28;Offre;Virement;TTM INVEST / SAS TTM INVEST;-56,00;;Compl‚t‚;0,33;;;;;;
12/07/2023 … 20:23;Offre;Virement;SCALP / SASU SCALP #2;-158,00;;Compl‚t‚;56,33;;;;;;
11/07/2023 … 11:47;Remboursement Anticip‚;Virement;Remboursement anticip‚ - DMF Invest / Financement immobilier … Vallauris Part capital : 200.00Part int‚rˆt : 0.00;;200,00;Compl‚t‚;214,33;200,00;200,00;0,00;0,00;0,00;0,00
11/07/2023 … 11:32;Imp“ts;Virement;Flat Tax - Paiement lib‚ratoire Imp“ts - DMF Invest / Financement immobilier … Vallauris Pr‚lŠvement sociaux : 0.26Imp“ts : 0.00;-0,26;;Compl‚t‚;14,33;;;;;;
11/07/2023 … 11:32;Ech‚ance;Virement;Ech‚ance nø9 pr‚lev‚e - DMF Invest / Financement immobilier … Vallauris Part capital : 0.00Part int‚rˆt : 1.50;;1,50;Compl‚t‚;14,59;1,50;0,00;1,50;0,26;0,00;1,24
16/06/2023 … 15:31;Imp“ts;Virement;Flat Tax - Paiement lib‚ratoire Imp“ts - AFI4 / AFI4Pr‚lŠvement sociaux : 0.04Imp“ts : 0.00;-0,04;;Compl‚t‚;13,09;;;;;;
16/06/2023 … 15:31;Ech‚ance;Virement;Ech‚ance nø4 pr‚lev‚e - AFI4 / AFI4Part capital : 0.00Part int‚rˆt : 0.23;;0,23;Compl‚t‚;13,13;0,23;0,00;0,23;0,04;0,00;0,19
16/06/2023 … 13:27;Imp“ts;Virement;Flat Tax - Paiement lib‚ratoire Imp“ts - DMF Invest / Financement immobilier … Vallauris Pr‚lŠvement sociaux : 0.26Imp“ts : 0.00;-0,26;;Compl‚t‚;12,90;;;;;;
16/06/2023 … 13:27;Ech‚ance;Virement;Ech‚ance nø8 pr‚lev‚e - DMF Invest / Financement immobilier … Vallauris Part capital : 0.00Part int‚rˆt : 1.50;;1,50;Compl‚t‚;13,16;1,50;0,00;1,50;0,26;0,00;1,24
16/06/2023 … 13:05;Imp“ts;Virement;Flat Tax - Paiement lib‚ratoire Imp“ts - groupe best / Groupe Best Pr‚lŠvement sociaux : 0.08Imp“ts : 0.00;-0,08;;Compl‚t‚;11,66;;;;;;
16/06/2023 … 13:05;Ech‚ance;Virement;Ech‚ance nø9 pr‚lev‚e - groupe best / Groupe Best Part capital : 4.06Part int‚rˆt : 0.49;;4,55;Compl‚t‚;11,74;4,55;4,06;0,49;0,08;0,00;0,41
16/06/2023 … 12:51;Imp“ts;Virement;Flat Tax - Paiement lib‚ratoire Imp“ts - SAS LAVERRIERE / SAS LAVERRIEREPr‚lŠvement sociaux : 0.20Imp“ts : 0.00;-0,20;;Compl‚t‚;7,19;;;;;;
16/06/2023 … 12:51;Ech‚ance;Virement;Ech‚ance nø9 pr‚lev‚e - SAS LAVERRIERE / SAS LAVERRIEREPart capital : 5.32Part int‚rˆt : 1.16;;6,48;Compl‚t‚;7,39;6,48;5,32;1,16;0,20;0,00;0,96
17/05/2023 … 19:01;Offre;Virement;ADV Invest / ADV Invest - Divonne les Bains;-61,00;;Compl‚t‚;0,91;;;;;;
17/05/2023 … 17:55;Imp“ts;Virement;Flat Tax - Paiement lib‚ratoire Imp“ts - AFI4 / AFI4Pr‚lŠvement sociaux : 0.04Imp“ts : 0.00;-0,04;;Compl‚t‚;61,91;;;;;;
17/05/2023 … 17:55;Ech‚ance;Virement;Ech‚ance nø3 pr‚lev‚e - AFI4 / AFI4Part capital : 0.00Part int‚rˆt : 0.23;;0,23;Compl‚t‚;61,95;0,23;0,00;0,23;0,04;0,00;0,19
17/05/2023 … 15:48;Imp“ts;Virement;Flat Tax - Paiement lib‚ratoire Imp“ts - DMF Invest / Financement immobilier … Vallauris Pr‚lŠvement sociaux : 0.26Imp“ts : 0.00;-0,26;;Compl‚t‚;61,72;;;;;;
17/05/2023 … 15:48;Ech‚ance;Virement;Ech‚ance nø7 pr‚lev‚e - DMF Invest / Financement immobilier … Vallauris Part capital : 0.00Part int‚rˆt : 1.50;;1,50;Compl‚t‚;61,98;1,50;0,00;1,50;0,26;0,00;1,24
17/05/2023 … 15:14;Imp“ts;Virement;Flat Tax - Paiement lib‚ratoire Imp“ts - groupe best / Groupe Best Pr‚lŠvement sociaux : 0.09Imp“ts : 0.00;-0,09;;Compl‚t‚;60,48;;;;;;
17/05/2023 … 15:14;Ech‚ance;Virement;Ech‚ance nø8 pr‚lev‚e - groupe best / Groupe Best Part capital : 4.04Part int‚rˆt : 0.51;;4,55;Compl‚t‚;60,57;4,55;4,04;0,51;0,09;0,00;0,42
17/05/2023 … 15:07;Imp“ts;Virement;Flat Tax - Paiement lib‚ratoire Imp“ts - SAS LAVERRIERE / SAS LAVERRIEREPr‚lŠvement sociaux : 0.21Imp“ts : 0.00;-0,21;;Compl‚t‚;56,02;;;;;;
17/05/2023 … 15:07;Ech‚ance;Virement;Ech‚ance nø8 pr‚lev‚e - SAS LAVERRIERE / SAS LAVERRIEREPart capital : 5.28Part int‚rˆt : 1.20;;6,48;Compl‚t‚;56,23;6,48;5,28;1,20;0,21;0,00;0,99
14/04/2023 … 18:39;Imp“ts;Virement;Flat Tax - Paiement lib‚ratoire Imp“ts - AFI4 / AFI4Pr‚lŠvement sociaux : 0.04Imp“ts : 0.00;-0,04;;Compl‚t‚;49,75;;;;;;
14/04/2023 … 18:39;Ech‚ance;Virement;Ech‚ance nø2 pr‚lev‚e - AFI4 / AFI4Part capital : 0.00Part int‚rˆt : 0.23;;0,23;Compl‚t‚;49,79;0,23;0,00;0,23;0,04;0,00;0,19
14/04/2023 … 15:43;Imp“ts;Virement;Flat Tax - Paiement lib‚ratoire Imp“ts - DMF Invest / Financement immobilier … Vallauris Pr‚lŠvement sociaux : 0.26Imp“ts : 0.00;-0,26;;Compl‚t‚;49,56;;;;;;
14/04/2023 … 15:43;Ech‚ance;Virement;Ech‚ance nø6 pr‚lev‚e - DMF Invest / Financement immobilier … Vallauris Part capital : 0.00Part int‚rˆt : 1.50;;1,50;Compl‚t‚;49,82;1,50;0,00;1,50;0,26;0,00;1,24
14/04/2023 … 15:13;Imp“ts;Virement;Flat Tax - Paiement lib‚ratoire Imp“ts - groupe best / Groupe Best Pr‚lŠvement sociaux : 0.09Imp“ts : 0.00;-0,09;;Compl‚t‚;48,32;;;;;;
14/04/2023 … 15:13;Ech‚ance;Virement;Ech‚ance nø7 pr‚lev‚e - groupe best / Groupe Best Part capital : 4.01Part int‚rˆt : 0.54;;4,55;Compl‚t‚;48,41;4,55;4,01;0,54;0,09;0,00;0,45
14/04/2023 … 15:06;Imp“ts;Virement;Flat Tax - Paiement lib‚ratoire Imp“ts - SAS LAVERRIERE / SAS LAVERRIEREPr‚lŠvement sociaux : 0.21Imp“ts : 0.00;-0,21;;Compl‚t‚;43,86;;;;;;
14/04/2023 … 15:06;Ech‚ance;Virement;Ech‚ance nø7 pr‚lev‚e - SAS LAVERRIERE / SAS LAVERRIEREPart capital : 5.25Part int‚rˆt : 1.23;;6,48;Compl‚t‚;44,07;6,48;5,25;1,23;0,21;0,00;1,02
16/03/2023 … 14:59;Imp“ts;Virement;Flat Tax - Paiement lib‚ratoire Imp“ts - DMF Invest / Financement immobilier … Vallauris Pr‚lŠvement sociaux : 0.26Imp“ts : 0.00;-0,26;;Compl‚t‚;37,59;;;;;;
16/03/2023 … 14:59;Ech‚ance;Virement;Ech‚ance nø5 pr‚lev‚e - DMF Invest / Financement immobilier … Vallauris Part capital : 0.00Part int‚rˆt : 1.50;;1,50;Compl‚t‚;37,85;1,50;0,00;1,50;0,26;0,00;1,24
16/03/2023 … 13:54;Imp“ts;Virement;Flat Tax - Paiement lib‚ratoire Imp“ts - groupe best / Groupe Best Pr‚lŠvement sociaux : 0.10Imp“ts : 0.00;-0,10;;Compl‚t‚;36,35;;;;;;
16/03/2023 … 13:54;Ech‚ance;Virement;Ech‚ance nø6 pr‚lev‚e - groupe best / Groupe Best Part capital : 3.98Part int‚rˆt : 0.57;;4,55;Compl‚t‚;36,45;4,55;3,98;0,57;0,10;0,00;0,47
16/03/2023 … 13:50;Imp“ts;Virement;Flat Tax - Paiement lib‚ratoire Imp“ts - SAS LAVERRIERE / SAS LAVERRIEREPr‚lŠvement sociaux : 0.22Imp“ts : 0.00;-0,22;;Compl‚t‚;31,90;;;;;;
16/03/2023 … 13:50;Ech‚ance;Virement;Ech‚ance nø6 pr‚lev‚e - SAS LAVERRIERE / SAS LAVERRIEREPart capital : 5.21Part int‚rˆt : 1.27;;6,48;Compl‚t‚;32,12;6,48;5,21;1,27;0,22;0,00;1,05
16/03/2023 … 09:33;Imp“ts;Virement;Flat Tax - Paiement lib‚ratoire Imp“ts - AFI4 / AFI4Pr‚lŠvement sociaux : 0.07Imp“ts : 0.00;-0,07;;Compl‚t‚;25,64;;;;;;
16/03/2023 … 09:33;Ech‚ance;Virement;Ech‚ance nø1 pr‚lev‚e - AFI4 / AFI4Part capital : 0.00Part int‚rˆt : 0.41;;0,41;Compl‚t‚;25,71;0,41;0,00;0,41;0,07;0,00;0,34
20/02/2023 … 16:25;Imp“ts;Virement;Flat Tax - Paiement lib‚ratoire Imp“ts - DMF Invest / Financement immobilier … Vallauris Pr‚lŠvement sociaux : 0.26Imp“ts : 0.00;-0,26;;Compl‚t‚;25,30;;;;;;
20/02/2023 … 16:25;Ech‚ance;Virement;Ech‚ance nø4 pr‚lev‚e - DMF Invest / Financement immobilier … Vallauris Part capital : 0.00Part int‚rˆt : 1.50;;1,50;Compl‚t‚;25,56;1,50;0,00;1,50;0,26;0,00;1,24
20/02/2023 … 15:28;Imp“ts;Virement;Flat Tax - Paiement lib‚ratoire Imp“ts - groupe best / Groupe Best Pr‚lŠvement sociaux : 0.10Imp“ts : 0.00;-0,10;;Compl‚t‚;24,06;;;;;;
20/02/2023 … 15:28;Ech‚ance;Virement;Ech‚ance nø5 pr‚lev‚e - groupe best / Groupe Best Part capital : 3.95Part int‚rˆt : 0.60;;4,55;Compl‚t‚;24,16;4,55;3,95;0,60;0,10;0,00;0,50
20/02/2023 … 15:25;Imp“ts;Virement;Flat Tax - Paiement lib‚ratoire Imp“ts - SAS LAVERRIERE / SAS LAVERRIEREPr‚lŠvement sociaux : 0.23Imp“ts : 0.00;-0,23;;Compl‚t‚;19,61;;;;;;
20/02/2023 … 15:25;Ech‚ance;Virement;Ech‚ance nø5 pr‚lev‚e - SAS LAVERRIERE / SAS LAVERRIEREPart capital : 5.17Part int‚rˆt : 1.31;;6,48;Compl‚t‚;19,84;6,48;5,17;1,31;0,23;0,00;1,08
16/01/2023 … 18:02;Imp“ts;Virement;Flat Tax - Paiement lib‚ratoire Imp“ts - DMF Invest / Financement immobilier … Vallauris Pr‚lŠvement sociaux : 0.26Imp“ts : 0.00;-0,26;;Compl‚t‚;13,36;;;;;;
16/01/2023 … 18:02;Ech‚ance;Virement;Ech‚ance nø3 pr‚lev‚e - DMF Invest / Financement immobilier … Vallauris Part capital : 0.00Part int‚rˆt : 1.50;;1,50;Compl‚t‚;13,62;1,50;0,00;1,50;0,26;0,00;1,24
16/01/2023 … 17:30;Imp“ts;Virement;Flat Tax - Paiement lib‚ratoire Imp“ts - SAS LAVERRIERE / SAS LAVERRIEREPr‚lŠvement sociaux : 0.23Imp“ts : 0.00;-0,23;;Compl‚t‚;12,12;;;;;;
16/01/2023 … 17:30;Ech‚ance;Virement;Ech‚ance nø4 pr‚lev‚e - SAS LAVERRIERE / SAS LAVERRIEREPart capital : 5.14Part int‚rˆt : 1.34;;6,48;Compl‚t‚;12,35;6,48;5,14;1,34;0,23;0,00;1,11
16/01/2023 … 17:04;Imp“ts;Virement;Flat Tax - Paiement lib‚ratoire Imp“ts - groupe best / Groupe Best Pr‚lŠvement sociaux : 0.11Imp“ts : 0.00;-0,11;;Compl‚t‚;5,87;;;;;;
16/01/2023 … 17:04;Ech‚ance;Virement;Ech‚ance nø4 pr‚lev‚e - groupe best / Groupe Best Part capital : 3.92Part int‚rˆt : 0.63;;4,55;Compl‚t‚;5,98;4,55;3,92;0,63;0,11;0,00;0,52
27/12/2022 … 18:35;Offre;Virement;AFI4 / AFI4;-30,00;;Compl‚t‚;1,43;;;;;;
15/12/2022 … 14:39;Imp“ts;Virement;Flat Tax - Paiement lib‚ratoire Imp“ts - DMF Invest / Financement immobilier … Vallauris Pr‚lŠvement sociaux : 0.26Imp“ts : 0.19;-0,45;;Compl‚t‚;31,43;;;;;;
15/12/2022 … 14:39;Ech‚ance;Virement;Ech‚ance nø2 pr‚lev‚e - DMF Invest / Financement immobilier … Vallauris Part capital : 0.00Part int‚rˆt : 1.50;;1,50;Compl‚t‚;31,88;1,50;0,00;1,50;0,26;0,19;1,05
15/12/2022 … 14:12;Imp“ts;Virement;Flat Tax - Paiement lib‚ratoire Imp“ts - SAS LAVERRIERE / SAS LAVERRIEREPr‚lŠvement sociaux : 0.24Imp“ts : 0.18;-0,42;;Compl‚t‚;30,38;;;;;;
15/12/2022 … 14:12;Ech‚ance;Virement;Ech‚ance nø3 pr‚lev‚e - SAS LAVERRIERE / SAS LAVERRIEREPart capital : 5.10Part int‚rˆt : 1.38;;6,48;Compl‚t‚;30,80;6,48;5,10;1,38;0,24;0,18;0,96
15/12/2022 … 13:47;Imp“ts;Virement;Flat Tax - Paiement lib‚ratoire Imp“ts - groupe best / Groupe Best Pr‚lŠvement sociaux : 0.11Imp“ts : 0.08;-0,19;;Compl‚t‚;24,32;;;;;;
15/12/2022 … 13:47;Ech‚ance;Virement;Ech‚ance nø3 pr‚lev‚e - groupe best / Groupe Best Part capital : 3.90Part int‚rˆt : 0.65;;4,55;Compl‚t‚;24,51;4,55;3,90;0,65;0,11;0,08;0,46
17/11/2022 … 16:51;Imp“ts;Virement;Flat Tax - Paiement lib‚ratoire Imp“ts - DMF Invest / Financement immobilier … Vallauris Pr‚lŠvement sociaux : 0.64Imp“ts : 0.47;-1,11;;Compl‚t‚;19,96;;;;;;
17/11/2022 … 16:51;Ech‚ance;Virement;Ech‚ance nø1 pr‚lev‚e - DMF Invest / Financement immobilier … Vallauris Part capital : 0.00Part int‚rˆt : 3.70;;3,70;Compl‚t‚;21,07;3,70;0,00;3,70;0,64;0,47;2,59
17/11/2022 … 16:33;Imp“ts;Virement;Flat Tax - Paiement lib‚ratoire Imp“ts - groupe best / Groupe Best Pr‚lŠvement sociaux : 0.12Imp“ts : 0.09;-0,21;;Compl‚t‚;17,37;;;;;;
17/11/2022 … 16:33;Ech‚ance;Virement;Ech‚ance nø2 pr‚lev‚e - groupe best / Groupe Best Part capital : 3.87Part int‚rˆt : 0.68;;4,55;Compl‚t‚;17,58;4,55;3,87;0,68;0,12;0,09;0,47
17/11/2022 … 16:30;Imp“ts;Virement;Flat Tax - Paiement lib‚ratoire Imp“ts - SAS LAVERRIERE / SAS LAVERRIEREPr‚lŠvement sociaux : 0.24Imp“ts : 0.18;-0,42;;Compl‚t‚;13,03;;;;;;
17/11/2022 … 16:30;Ech‚ance;Virement;Ech‚ance nø2 pr‚lev‚e - SAS LAVERRIERE / SAS LAVERRIEREPart capital : 5.06Part int‚rˆt : 1.42;;6,48;Compl‚t‚;13,45;6,48;5,06;1,42;0,24;0,18;1,00
21/10/2022 … 15:27;Imp“ts;Virement;Flat Tax - Paiement lib‚ratoire Imp“ts - groupe best / Groupe Best Pr‚lŠvement sociaux : 0.26Imp“ts : 0.20;-0,46;;Compl‚t‚;6,97;;;;;;
21/10/2022 … 15:27;Ech‚ance;Virement;Ech‚ance nø1 pr‚lev‚e - groupe best / Groupe Best Part capital : 3.84Part int‚rˆt : 1.54;;5,38;Compl‚t‚;7,43;5,38;3,84;1,54;0,26;0,20;1,08
21/10/2022 … 15:25;Imp“ts;Virement;Flat Tax - Paiement lib‚ratoire Imp“ts - SAS LAVERRIERE / SAS LAVERRIEREPr‚lŠvement sociaux : 0.51Imp“ts : 0.38;-0,89;;Compl‚t‚;2,05;;;;;;
21/10/2022 … 15:25;Ech‚ance;Virement;Ech‚ance nø1 pr‚lev‚e - SAS LAVERRIERE / SAS LAVERRIEREPart capital : 0.00Part int‚rˆt : 2.94;;2,94;Compl‚t‚;2,94;2,94;0,00;2,94;0,51;0,38;2,05
15/09/2022 … 17:06;Offre;Virement;DMF Invest / Financement immobilier … Vallauris;-200,00;;Compl‚t‚;0,00;;;;;;
30/08/2022 … 17:04;Offre;Virement;SAS LAVERRIERE / SAS LAVERRIERE;-200,00;;Compl‚t‚;200,00;;;;;;
18/08/2022 … 16:23;Offre;Virement;groupe best / Groupe Best;-100,00;;Compl‚t‚;400,00;;;;;;
16/08/2022 … 14:23;Alimentation de votre compte PretUp;Carte Bancaire;-;;500,00;Compl‚t‚;500,00;;;;;;
15/08/2022 … 20:00;Alimentation de votre compte PretUp;Carte Bancaire;-;;500,00;Non abouti;0,00;;;;;;
